Tanggal,ID,Tweet
2023-04-01 23:27:55+00:00,1642307837564178432,Kesungguhan adalah biaya utama yang harus kita bayar untuk mencapai impian-impian kita #waralaba #usaha #franchise ##waralaba
2023-04-01 23:27:36+00:00,1642307755758473217,Ciptakan image produk kt.Image ini akan berpengaruh pd keyakinan konsumen utk mbeli produk kita  #peluang #bisnis #waralaba -Twe ##waralaba
2023-04-01 23:27:16+00:00,1642307672438607873,"The greatest glory is not never falling but in rising everytime we fall.

#waralaba #franchis ##waralaba #franchisemurah #bisnis #franchise"
2023-04-01 22:12:36+00:00,1642288882610995203,Kini hadir Mayur Indonesia! Bisnis waralaba toko bahan pokok / Fresh Mart dengan mudah dan terjangkau. Ayo miliki toko retail kamu sendiri. #Franchise #businessopportunity #waralabaindonesia #mayurindonesia https://t.co/HvwaoEQdEk https://t.co/lFzOpeVxqR
2023-04-01 20:28:54+00:00,1642262783868940288,@tanyakanrl Engfa waralaba apa apa gtu namanya susah
2023-04-01 16:36:48+00:00,1642204374004006912,@FWBESS hmu
2023-04-01 15:49:35+00:00,1642192495194038272,"Biasa berbentuk serial TV, waralaba Rick &amp; Morty memperluas industrinya ke dunia komik Manga ala Wibu Anime. Terbitnya pun dari Jepang. Baca:
https://t.co/KGIuXKpkR0
#rickandmorty #cartoonnetwork #adultswim"
2023-04-01 15:20:20+00:00,1642185133959815171,"Setelah Total Dramarama, Cartoon Network kini lanjutkan waralaba Total Drama dengan serial animasi terbaru berjudul Total Dramarama Island. Baca:
https://t.co/E0HQbb3mJY
#totaldramarama #totaldramaramaisland #CartoonNetwork"
2023-04-01 14:27:52+00:00,1642171928864788480,hidup itu berawal dari mimpi.#waralaba #usaha #franchise  ##waralaba
2023-04-01 14:27:33+00:00,1642171847327510529,perlu strategi membangun brand dr produk kita. Bangun image yg baik #peluang #Usaha #bisnis #waralaba #franchise -Tweetmotibisni ##waralaba
2023-04-01 13:27:52+00:00,1642156830850969600,"Mulai hari ini, mari kita nikmati hidup dengan cara banyak bersyukur dan mengurangi berbagai keluhan.#waralaba #franchise #usaha ##waralaba"
2023-04-01 13:27:33+00:00,1642156748432887808,Keyakinan konsumen thdp produk kita sec tdk langsung akan mengarahkan mereka utk mlakukan pmbelian #peluang #bisnis #waralaba #f ##waralaba
2023-04-01 13:27:14+00:00,1642156671727468544,"Don't judge the book by its cover. Jangan menilai orang hanya dari penampilannya saja, tetapi ##waralaba #franchisemurah #bisnis #franchise"
2023-04-01 12:27:51+00:00,1642141723974565890,Ketekunan akan mengalahkan kecerdasan selama anda benar-benar tekun.#usaha #franchise #waralaba ##waralaba
2023-04-01 12:27:32+00:00,1642141644530290688,Konsumen hanya akan membeli produk kita jika mereka telah yakin dg kualitas serta kelebihannya #peluang #Usaha #bisnis #waralaba ##waralaba
2023-04-01 11:27:54+00:00,1642126638539497472,"Kerja keras adalah hal yang penting. Tetapi masih ada sesuatu yang lebih penting, yaitu percaya pada dirimu sendiri.#usaha #fran ##waralaba"
2023-04-01 11:27:34+00:00,1642126555265765378,diperlukan produk yg berkualitas serta komunikasi pemasaran yg menarik dan terencana #peluang #Usaha #bisnis #pemula #waralaba # ##waralaba
2023-04-01 11:27:15+00:00,1642126473397178370,Kebebasan adalah kemampuan jiwa untuk bisa menilai segala sesuatu tanpa ada tekanan dalam men ##waralaba #franchisemurah #bisnis #franchise
2023-04-01 10:27:51+00:00,1642111527468822528,yakinlah rencana allah lebih indah. #waralaba #usaha #franchise ##waralaba
2023-04-01 10:27:31+00:00,1642111444253810690,Utk Meyakinkan Konsumen diperlukan serangkaian strategi khusus. Dan ini sangat diperlukan oleh para pelaku bisnis #waralaba #fra ##waralaba
2023-04-01 09:27:53+00:00,1642096434932756481,"Dunia yg kita cintai akan pergi, sementara kubur dan akhirat terus menghampiri.#usaha #pemula #franchise  ##waralaba"
2023-04-01 09:27:32+00:00,1642096345451487232,"Ketika kita menawarkan produk/jasa ke konsumen, sbagian mreka tdk begitu saja yakin dg produk kita #peluang #Usaha #bisnis #pemu ##waralaba"
2023-04-01 09:27:14+00:00,1642096273527558145,Lakukanlah apa yang akan kamu lakukan karena terkadang pertimbanganlah yang akan membuatmu un ##waralaba #franchisemurah #bisnis #franchise
2023-04-01 08:47:59+00:00,1642086395782254594,"Penawaran waralaba/franchise bimbel online President Ways. Cocok untuk mahasiswa yang ingin mengajar privat, guru atau umum. https://t.co/YxHb6NyOZa"
2023-04-01 08:27:33+00:00,1642081250189119489,Bagaimana sih cara meyakinkan konsumen? mau tau? yuk simak jangan lupa RT ya :D  #peluang #Usaha #bisnis #pemula #waralaba #fran ##waralaba
2023-04-01 07:27:54+00:00,1642066241430102019,Peluang kecil Sering kali menjadi titik awal kesuksesan besar. #usaha #Franchise ##waralaba
2023-04-01 07:27:33+00:00,1642066150375952385,"Jaga ucapan, perilaku, pikiran sblm bertindak #peluang #Usaha #bisnis #pemula #waralaba #franchise ##waralaba"
2023-04-01 07:27:15+00:00,1642066076401029120,"Lebih mudah menilai kesalahan orang lain daripada kesalahan sendiri.

#waralaba #franchise #f ##waralaba #franchisemurah #bisnis #franchise"
2023-04-01 06:32:03+00:00,1642052185306574849,Dulu Underdog Kini John Wick yang Dibintangi Keanu Reeves Jadi Film Mega Waralaba https://t.co/9ZyDkfGCGd
2023-04-01 06:27:31+00:00,1642051042593632256,"Jangan suka mengeluh, belajarlah bersyukur #peluang #Usaha #bisnis #pemula #waralaba #franchise ##waralaba"
2023-04-01 05:29:05+00:00,1642036341117702146,"@pipis Contoh waralaba besar yg udah puluhan taun mereka menggurita karena manajemen yg jos, dan jaman segitu malah belum ada food vloger. Setau saya malah food vloger yg datang sendiri dan pansos klo sebuah resto trending.. Jadimereka terkenal dulu baru si vloger datang.. Gt kan y?"
2023-04-01 05:27:54+00:00,1642036043552817154,Dalam pola kerja tim orang hebat melihat keberhasilan sebagai hasil dari kontribusi semua orang dan bukan hanya sumbangsih dirin ##waralaba
2023-04-01 05:27:34+00:00,1642035958693634048,Luangkan waktu&amp;beri perhatian terhadap keluarga. Kita tdk akan pernah tahu sampai kapan bersama mereka #bisnis #pemula #waralaba ##waralaba
2023-04-01 05:27:15+00:00,1642035878062333952,"Jangan mencari kawan yang membuat Anda merasa nyaman, tetapi carilah kawan yang memaksa Anda  ##waralaba #franchisemurah #bisnis #franchise"
2023-04-01 04:27:51+00:00,1642020927880962049,Menghargai sesama adlh krktr dari mrka yg mmlki kmmpuan:Bgnya merendahkan org lain adalah yg haram dilakukan.#pemula #usaha  ##waralaba
2023-04-01 04:27:31+00:00,1642020845735510017,Usahakan membuat orang lain tersenyum #peluang #Usaha #bisnis #pemula #waralaba #franchise ##waralaba
2023-04-01 03:27:54+00:00,1642005840449404929,"Mulai hari ini, mari kita nikmati hidup dengan cara banyak bersyukur dan mengurangi berbagai keluhan.#pemula #usaha #franchise
 ##waralaba"
2023-04-01 03:27:33+00:00,1642005755573436417,Maafkanlah semua orang yg pernah menyakitimu #peluang #Usaha #bisnis #pemula #waralaba #franchise ##waralaba
2023-04-01 03:27:15+00:00,1642005678343737344,"Jangan jadikan hambatan sebagai alasan, tapi jadikanlah sebagai tantangan dalam menjalani hid ##waralaba #franchisemurah #bisnis #franchise"
2023-04-01 02:27:53+00:00,1641990739151446016,"Janganlah kegagalan kemarin kau jadikan beban dihari ini. Tuhan bukan sedang menghukummu, Dia hanya mengarahkan kejalan yg lebih ##waralaba"
2023-04-01 02:27:32+00:00,1641990649565290498,"Jangan kebanyakan cari alasan, orang yg gampang excuse akan sulit utk maju  #peluang #Usaha #bisnis #pemula #waralaba #franchise ##waralaba"
2023-04-01 01:27:52+00:00,1641975635848630274,"Janganlah mengatakan hidup tidak adil, jika kita sendiri tidak pernah berusaha untuk mendapatkan keadilan.#waralaba #usaha
 ##waralaba"
2023-04-01 01:27:32+00:00,1641975549819228162,"Bangun relasi jangka panjang dg konsumen, jadikan konsumen sbg mitra;dgarkan&amp;layani baik #Konsumen #waralaba #franchise
 ##waralaba"
2023-04-01 01:27:15+00:00,1641975478201483266,"Seorang pemenang tidak membiarkan dirinya dikalahkan oleh keadaan.

#waralaba #franchise #fra ##waralaba #franchisemurah #bisnis #franchise"
2023-04-01 01:01:24+00:00,1641968976053047296,invite pin BB admin yaa ( 517DEC34 ) - Membuka peluang usaha bisnis waralaba minuman&amp;bubuk minuman anekarasa follow WaralabaBisnis
2023-04-01 00:27:51+00:00,1641960530998079488,"Kita belajarlah ketulusan dari seorang Ibu, dan kita belajarlah ketegasan dari seorang Ayah.#usaha #franchise
 ##waralaba"
2023-04-01 00:27:32+00:00,1641960452057104385,"Dekari komunitas kondumen, kenali kebutuhan&amp;kenginan mrk, peluang bs kt ambil dr sini #Konsumen #waralaba #franchise
 ##waralaba"
2023-03-31 23:27:54+00:00,1641945446192152579,"Berikanlah pujianmu kepada mereka yg pantas mendapatkannya.
#waralaba #usaha ##waralaba"
2023-03-31 23:27:34+00:00,1641945359533613058,"Pemasaran paling baik ketika konsumen saling merekom produk kt. #wordofmouthstrategy
#Konsumen #waralaba #franchise
 ##waralaba"
2023-03-31 23:27:15+00:00,1641945279644708864,"Semua hal besar dimulai dari satu langkah kecil.

#waralaba #franchise #franchisemurah #cafeo ##waralaba #franchisemurah #bisnis #franchise"
2023-03-31 14:33:20+00:00,1641810915141259265,"Es Teler 77 merupakan bisnis waralaba pertama Indonesia. Pertama kali ada tahun 1982. Ini adalah iklannya di tahun 1985 ketika pembukaan cabang baru.

Sumber: Sinar Harapan, 6-5-1985. Koleksi Surat Kabar Langka Perpustakaan Nasional RI (SKALA-Team)

#WaralabaIndonesia #Kuliner https://t.co/BJG3Ms6K5w"
2023-03-31 14:27:52+00:00,1641809541930303488,"Kesalahan2 yg kita alami adalah guru terbaik manusia, jika kita mau jujur untuk mengakuinya dan bersedia untuk belajar dari hal  ##waralaba"
2023-03-31 14:27:33+00:00,1641809463031246849,"Bersabarlah ketika konsumen komplain, dengarkan&amp;tetap layani dg baik krn itu bs jd feedback #Konsumen #waralaba #franchise
 ##waralaba"
2023-03-31 13:27:32+00:00,1641794359380279296,"Libatkan konsumen utk pengembangan produk kt #Konsumen #waralaba #franchise
 ##waralaba"
2023-03-31 13:27:14+00:00,1641794283681509376,"Apapun perjuangan anda hari ini pasti akan ada hasilnya. Jangan menyerah !

#waralaba #franch ##waralaba #franchisemurah #bisnis #franchise"
2023-03-31 12:38:30+00:00,1641782017766596608,"Salah satu hal yang menjadi sorotan dalam waralaba film John Wick adalah penggunaan koin emas sebagai alat pembayaran apapun. Mulai dari pembunuh bayaran hingga petugas kebersihan, menggunakan koin emas untuk melakukan transaksi.

https://t.co/pxmloDaPVW"
2023-03-31 12:27:51+00:00,1641779335777640448,"Kesuksesan bukanlah kunci kebahagiaan, kebahagiaan adlh kunci kesuksesan.#waralaba #pemula #franchise ##waralaba"
2023-03-31 12:27:31+00:00,1641779254689153026,"Sosial media menjd internet termurah, jadilah suara knsumen powerfull #Konsumen #waralaba #franchise
 ##waralaba"
2023-03-31 11:27:54+00:00,1641764249889554433,"Anda bisa sukses jika Anda memiliki keyakinan dan bertindak sesuai keyakinan itu. Krn apapun yg diyakini pikiran, akan mampu dic ##waralaba"
2023-03-31 11:27:36+00:00,1641764174547288065,"Bukti nyata, hampir semua merek besar sebelum launching produk, pastilah survei ke konsumen dlu #Konsumen #waralaba #franchise
 ##waralaba"
2023-03-31 11:27:15+00:00,1641764086387208193,"Mencoba tak mengapa, berhasil syukur, gagal jadi pengalaman.

#waralaba #franchise #franchise ##waralaba #franchisemurah #bisnis #franchise"
2023-03-31 10:27:51+00:00,1641749138751770624,"Sebelum kita menunjukkan jari dan menyalahkan orang lain, Ingatlah bahawa tidak ada seorangpun yang tidak berdosa.#usaha #warala ##waralaba"
2023-03-31 10:27:32+00:00,1641749058443411457,"Sekarang eranya konsumen, kalo mau sukses berbisnis belajar mendengar konsumen #Konsumen #waralaba #franchise
 ##waralaba"
2023-03-31 10:26:56+00:00,1641748909117812736,"#Chansung #2PM Adalah Pemilik Waralaba Ayam Terkenal Dalam Still Cut Drama Rom-Com #BoRaDebora

https://t.co/APy2uawgNI"
2023-03-31 09:27:53+00:00,1641734047939575809,kegagalan adalah sukses yang tertunda. #usaha #waralaba #franchise ##waralaba
2023-03-31 09:27:33+00:00,1641733964011556864,Bersikap proaktif. Bisnis akan lancar jk km pny sifat proaktif. Segera datangi konsumen #jemputBola #franchise #minuman #peluang ##waralaba
2023-03-31 09:27:15+00:00,1641733889931755520,"Waktu tak akan pernah kembali, tetapi waktu selalu memberimu kesempatan.

#waralaba #franchis ##waralaba #franchisemurah #bisnis #franchise"
2023-03-31 08:58:35+00:00,1641726672276983809,Bisnis waralaba minimarket yang patut diperhitungkan. https://t.co/SuuK9dAUUd
2023-03-31 08:31:46+00:00,1641719926888230912,"*DAFTARKAN BRAND ANDA SEKARANG JUGA!*
Hotline: +62 889-7774-2709 (WhatsApp)
Website: https://t.co/WEBPReTN38
Instagram: https://t.co/4RoSsZFV6w

#GrabRunGrow #businessexpo #franchise #waralaba #retail #ritel #businessopportunity #kemitraan #license #lisensi #expo"
2023-03-31 08:27:53+00:00,1641718948218691584,"Jangan pikirkan kegagalan kemarin, hari ini sudah lain, sukses pasti diraih selama semangat masih menyengat.#usaha #waralaba #fr ##waralaba"
2023-03-31 08:27:33+00:00,1641718862440964096,"Tentukan target. Sebelum menemukan konsumen yg loyal  #franchise #minuman #peluangusaha #modal #entrepreneur
 ##waralaba"
2023-03-31 07:27:53+00:00,1641703846983651328,"Jangan membenci mereka yang mengatakan hal buruk tuk menjatuhkanmu, karena merekalah yang buatmu semakin kuat setiap hari.#usaha ##waralaba"
2023-03-31 07:27:33+00:00,1641703763944804352,Bagaimana cara mendapatkan konsumen? krn kehadiran konsumen mjd suatu kewajiban dlm bisnis #franchise #minuman #peluangusaha #mo ##waralaba
2023-03-31 07:27:15+00:00,1641703687872708608,"Resolusi tanpa tindakan adalah sia-sia, mimpi tanpa perbuatan juga akan menjadi sia-sia. 

#w ##waralaba #franchisemurah #bisnis #franchise"
2023-03-31 06:47:02+00:00,1641693568774578181,Bisnis waralaba yang menjanjikan. https://t.co/RkOaRiJcPS
2023-03-31 06:27:51+00:00,1641688740392472577,"Kesuksesan adalah milik setiap orang yang ,mau berusaha dan pantang menyerah.#waralaba #frnchise #usaha ##waralaba"
2023-03-31 06:27:31+00:00,1641688656548347907,"so, let's to be entrepreneur #waralaba #franchise modal utamanya hny ide, eksekusi nyata&amp;ketekunan
 ##waralaba"
2023-03-31 05:27:54+00:00,1641673653992714241,pekerjaan-pekerjaan kecil yg selesai dilakukan lebih baik daripada rencana-rencana besar yg hanya didiskusikan.#waralaba #usaha  ##waralaba
2023-03-31 05:27:34+00:00,1641673568932225024,cara efektif untuk mjd pengusaha adh bergaul di lingkaran pengusaha #franchise #minuman #peluangusaha #modalkecil #modal #entrep ##waralaba
2023-03-31 05:27:15+00:00,1641673489659854850,Jangan lihat masa lampau dengan penyesalan; jangan pula lihat masa depan dengan ketakutan; ta ##waralaba #franchisemurah #bisnis #franchise
2023-03-31 05:23:23+00:00,1641672515511808001,"Kau bisa bersembunyi dari kesalahanmu, tapi tidak dari penyesalan. Kau bisa bermain dengan dramamu, tapi tidak dengan karmamu #muchomania #waralaba_minuman"
2023-03-31 04:27:31+00:00,1641658456578097154,"apa pun yg dilakukan seorang pemimpin, secra otomatis akn menular ke pegawainya, begitu jg dg pengwaralaba &amp; pewaralaba #franchi ##waralaba"
2023-03-31 03:44:10+00:00,1641647549068251138,"@AbangKyle Sebenarnya soal larangan Alfamart-Indomaret ini ada insight baru bahwa ada konglomerasi lokal yang takut tersaingi waralaba minimarket yang mereka miliki. 

Kesimpulan saya ; Sumbar itu model kecil Indonesia aja. Sama-sama bapuk ajasih."
2023-03-31 03:27:53+00:00,1641643451195465733,tujuan adalah sebuah mimpi dengan batas waktu.#waralaba #usaha #franchise  ##waralaba
2023-03-31 03:27:15+00:00,1641643292747264003,"tidak ada kata GAGAL, yg ada hanya SUKSES atau BELAJAR :semangat!:

#waralaba #franchise #fra ##waralaba #franchisemurah #bisnis #franchise"
2023-03-31 02:27:52+00:00,1641628345145372672,"Katakan dalam diri kita, hari ini saya akan berhasil, dan besok saya akan sukses!.#usaha #waralaba #franchise ##waralaba"
2023-03-31 02:27:33+00:00,1641628266175025158,"Pilih juga yg profesional ialah, yg tdk mencampuradukan mslah bisnis&amp;pribadi #franchise #minuman #peluangusaha #modalkecil #moda ##waralaba"
2023-03-31 02:06:14+00:00,1641622904009027584,"Salah satu contoh yang gue sebut di thread sebelumnya adalah nihilnya Alfamart dan Indomaret di sana.

Ya, Pemdanya sendiri yang nggak mengizinkan kedua waralaba ini masuk karena khawatir akan mematikan bisnis kecil‚Äîwhich is true.

https://t.co/6A3XLpiaIs"
2023-03-31 01:27:52+00:00,1641613247223844865,Kesuksesan akan sulit diraih jika kita sendiri tidak yakin bahwa kita bisa sukses. Ayo bersemangat dg penuh keyakinan!.#usaha #f ##waralaba
2023-03-31 01:27:32+00:00,1641613163845283840,"Pilih #Waralaba dan rekan bisnis yg memiliki jiwa wirausaha tinggi, visi, misi yg jelas #franchise #minuman #peluangusaha #modal ##waralaba"
2023-03-31 01:01:27+00:00,1641606598278909952,invite pin BB admin yaa ( 517DEC34 ) - Membuka peluang usaha bisnis waralaba minuman&amp;bubuk minuman anekarasa follow WaralabaBisnis
2023-03-31 00:50:23+00:00,1641603813420470273,"üê¶ KANDANG BARUüê¶
Lamar Jackson membuat percikan di NFL! Sebelumnya Maret, pemenang MVP meminta Baltimore Ravens untuk memperdagangkannya
Sebaliknya, klub menempatkan label waralaba non-eksklusif di quarterback superstar

#Americanfootball #NFL #Ravens https://t.co/re3WLq1PIJ"
2023-03-31 00:27:51+00:00,1641598143593840641,"Jika kau tak dapat mengendalikan hidupmu, maka hidup yang akan mengendalikan dirimu.#waralaba #usaha #franchise ##waralaba"
2023-03-31 00:27:31+00:00,1641598060617932801,#Waralaba bs dikatakan sukses jk pemilik merek (pengwaralaba) dpt mensukseskan mitra usahanya (pewaralaba) #franchise #minuman # ##waralaba
2023-03-30 23:27:55+00:00,1641583060486594561,"Saya diciptakan untuk bekerja. Jika anda sama-sama tekun, anda akan sama-sama sukses.#waralaba #franchise #usaha ##waralaba"
2023-03-30 23:27:34+00:00,1641582974281060354,"dimana bisnis tsb mnenggunakan merek, sistim, prosedur&amp;cara yg tlh ditetapkan pengwaralaba #franchise #minuman #peluangusaha #mo ##waralaba"
2023-03-30 23:27:15+00:00,1641582893335187457,"Tidak ada satupun sifat yang diberikan tuhan kepada kita, yang tidak pernah berguna !! ##waralaba #franchisemurah #bisnis #franchise"
2023-03-30 20:05:17+00:00,1641532064964157440,"@ArnoldPoernomo Chef, apakah interview di menit 8-10 tidak salah?

Pantaskah koki kepala seperti Syahril, mantan koki hotel elit seperti Sen dan koki pemilik waralaba restoran seperti Fahmi disebut amatir?

Setidaknya dari pemenang sampai 11 besar semua lulusan sekolah berhubungan makanan."
2023-03-30 16:06:24+00:00,1641471950227742723,@S_FloraJKT48 Leon Scott Kennedy adalah karakter fiksi dalam media waralaba horor Resident Evil buatan Capcom??
2023-03-30 14:27:55+00:00,1641447166509215746,Syukurilah apa yang kamu dapat karena belum tentu kamu bisa mendapat lagi apa yang telah kamu dapat.#waralaba #franchise #usaha ##waralaba
2023-03-30 14:27:34+00:00,1641447076163915780,#Waralaba adh sistim distribusi brang/jasa yg diberikan pengwarala kpd pewaralaba utk berbisnis #franchise #minuman #peluangusah ##waralaba
